TWEET,CLASIFICACION
"Does it bother anyone else that Felicity could have simply made a slight computer glitch and made 70 million appear in the cities accounts? You know, just until they manage to get the actual money back? People embezzle all the time, it can't be hard for a super hacker...",0
Daniel Nguyen shares hacker stories that include some tips to implement and improve your corporate security.,1
Had a HACKER JOIN me on Stream Today.... This is how I Handled it once it became very clear. Did I do the right thing??? #SnapFr0zenanticheat #warzone #warzoneclips #cod #warzonehackers #funny #Activision #noW4U #gamer #smallstreamer #fbgg,0
"Today's therapy art turned out to be way too graphic and violent for me to feel comfortable sharing it on this platform, so have some wholesome #mchanzo instead. Today's moral is keeping yourself safe and making a safety plan when tensions get too high mentally. ",0
"Wow, first time i've been called a hacker in fucking DBD. Wallhacks outta everything. Well I'm sorry that they don't understand how ears work and gamesense. Mmm, yes lemme hide in locker in the middle of a chase /while injured. That sure will go well. Survivor mains i stg",0
if your  hacker and you hack instagram account please gimme the password to this username zoella.flemming_06 please dm me her password #zoomcodes #hackers,1
Yesterday I woke up in an LA where Parker MacMillan IIII runs a hacker's conclave.,0
I have seen the new warzone map. Must say if hacker issue not addressed the hype will be short lived @Activision . Sad leakers ruined suprise incoming. I would be glad to test. Secrecy is paramount. Have top secret security clearance. From military! No joke. #Warzone,0
My keyboard is near its death from typing too much...I want to make the hacker compensate my keyboard...,0
If I was to ever write a dystopian novel it would be based around a self driving car hacker hit man Or about free tendies that come with mRna nanobots,0
Storage Devices of Major Vendors Impacted by Encryption Software Flaws | #cybersecurity #infosec #informationsecurity #datasecurity,1
"A letter signed by 10 leaders in the cybersecurity industry solidifies a commitment to a smarter, more secure national infrastructure. Read about how private sector cybersecurity companies and the U.S. government can unite to modernize digital defenses. https://bit.ly/32N0Hag",1
man who falls for internet phishing scams from the early 2000s: yeah i've done my own research & i'm definitely confident in my choices about the vax :),1
"Jan 15 deadline for public input on AI-powered biometrics, such as econ benefits, human rights risks, best practices, safeguards, R&D etc #VR #AR #civilrights #research #privacy #cybersecurity #surveillance #socialjustice #ArtificialIntelligence #AI",0
"No one could have predicted the sheer chaos the cybersecurity industry would experience over the course of 2021. From high profile ransomware attacks to log4j vulnerabilities, it was a year for organizations to reconsider their cybersecurity posture.... https://bit.ly/3taUvUA",1
Former Air Force Software Officer said. When it comes to cybersecurity. America is at an elementary level compared to the Chinese. America will lose the tech race to China. Yeahhhhhh this country done.,1
"CAC Roundup: Recommendation Algorithm Regulations, Cybersecurity Review for Overseas Listings, and Fines for Weibo and Douban",0
"Do not be cheap with the security of your business assets. Spend on software - antivirus, malware and a good firewall etc.",1
"Beware the new cryptocurrency scam, FTC says - FOX 5 Atlanta: Here's the puzzle: What does a QR code, an impersonator, and cryptocurrency get you? A new scam. http://dlvr.it/SHRfLl #phishing #fraud",0
"Social engineering is one of the first aspects of security that I was really drawn to lmao, my degree was originally going to be joint honours in IT and Psychology bc of social engineering and phishing",0
Purple Fox Trojan Delivering Malware Via Popular Messaging App,1
"We have seen 48 hrs+ of open source reporting regarding USG non-essential evac from .ua-ru conflict. Yet major commercial risk intelligence consultancies have not so advised, or even noted orders. A lot of collateral when missiles or malware comes raining down to close airstrips",0
Android malware will factory-reset a phone after stealing a userâ€™s funds,1
"#CyberSecurityNews  SEC's Gensler signals enhancement of cybersecurity, breach disclosure rules for financial sector",1
"Hello, new excellent scholarship is open for students. Women in Cybersecurity Scholarship",0
"Concerned by digital rights risks from the proposed #cybersecurity law in #Myanmar, including broad, vague prohibitions on content and conduct, significant legal penalties, data retention and localization requirements, and restrictions on the use of VPNs:",0
Advanced patented machine learning delivers behavioral insights with instant cyber threats. #hacking #cybersecurity,0
Weekly #71: US cybersecurity board formed | FTC to probe Microsoft deal | EU standards strategy | Robots at Olympics | California net neutrality safe -,0
#CriticalInsight announced the release of a report which analyzes #breach data reported to the #HHS by #healthcare organizations. Attacks against #HealthPlans up nearly 35%. #cybersecurity,1
"Just got a scam call to ""lower down"" my cable bill. Poor grammar is often a giveaway to bogus phone and email ""phishing"" expeditions. [As soon as I asked, ""What's my name?"" the scammer hung up. Make them answer your questions, not the other way around.]",1
Biden Administration Forms Cybersecurity Review Board to Probe Failures,1
"Is it just me or someone else too right Fishing as ""phishing"" when casually texting of going fishing  I realise after I already send texts and it happened multiple times.",1
Definitely have a strong interest in combining Cybersecurity and Analytics as well as utilizing that to apply to the GRC space ,1
If I was to ever write a dystopian novel it would be based around a self driving car hacker hit man Or about free tendies that come with mRna nanobots,0
Imagine playing vs scav hacker when u full loot in pmc this game suck so bad man,0
Today was our internal hackathon - Dispatch Spring 2021. So many great projects that are going to benefit our users and customers. ,0
Two of the best books on government's role in creating the foundation for prosperity throughout US history come,0
Convinced I've saved myself and a handful of friends from a hacker on Facebook! They've all been hacked before and I think it was my turn but I rumbled him!!! ,1
"And look, Hacker that got my IG page tryna get me thru here as well! WTF Gives?!?  HELP ME!",1
CISA Orders Agencies to Conduct Fresh Scans of Microsoft Exchange Servers #news #technology #cybersecurity #infosec #hacker #cyberattack #cybercrime #malware #ransomware #databreach #datasecurity #security #internet #software #network #cloudcomputing,0
Army developing tool for US cities to practice cyberattack response #news #technology #cybersecurity #infosec #hacker #phishing #cybercrime #malware #ransomware #databreach #datasecurity #security #internet #software #network #cloudcomputing,1
Hackers demand $40 million ransom from Broward schools - #news #technology #cybersecurity #infosec #hacker #cyberattack #phishing #cybercrime #malware #ransomware #databreach #datasecurity #security #internet #software #network #cloudcomputing,1
Citrix Releases Security Updates for Hypervisor | CISA #news #technology #cybersecurity #infosec #hacker #cyberattack #phishing #cybercrime #malware #ransomware #databreach #datasecurity #security #internet #software #network #cloudcomputing,0
CISA Releases Supplemental Direction on Emergency Directive for Microsoft Exchange Server Vuln #technology #cybersecurity #infosec #hacker #cyberattack #cybercrime #malware #ransomware #datasecurity #security #internet #software #network #cloudcomputing,1
"Hello Dear Youtube Team, My Gmail accounts have been hacked by someone else but my passwords have not been changed. The hacker posted videos on my Youtube channel that violated the ""community rules"" without my knowledge. After viewing the videos",1
can hacker armys hack lyric youtubers and delete their account. thanks,1
"Iranian Hackers Target Medical Personnel in US, Israel #news #technology #cybersecurity #infosec #hacker #cyberattack #phishing #cybercrime #malware #ransomware #databreach #datasecurity #security #internet #software #network #cloudcomputing",1
Breach Victims Piling Up in Wake of Cloud Vendor Attack #news #technology #cybersecurity #infosec #hacker #cyberattack #phishing #cybercrime #malware #ransomware #databreach #datasecurity #security #internet #software #network #cloudcomputing,1
Maybe cuz im majoring in CyberSecurity so i kno how to prevent shit from being hacked. But who am i im a nobody ,1
Micks that dehydrated heâ€™s sterted pishing steam,0
Hoped they had fixed the writing problems on #drwho but it was still pretty awful. Performances were ok but the writing remains poor so theyâ€™re pishing with the cock theyâ€™ve got.,0
"Actual pishing man, ma aunt Evelyn dyed her hair pink thinking itâ€™s took 30 year aff her age n ma grandpas just told her sheâ€™d need to get a face lift with a JCB for that to happen",0
"Happy hacking new year.

#pentest #hacking #infosec #vulnerability #security #pentesting #cybertalks     
#linux #securitytalks #informationsecurity  #cybersecurity #cyberseguridad #ciberseguridad  
#ethicalhackingâ€¦",0
"50+ blockchain real world uses cases.

#pentest #hacking #infosec #vulnerability #security #pentesting #cybertalks     
#linux #securitytalks #informationsecurity  #cybersecurity #cyberseguridad #ciberseguridadâ€¦ https://instagram.com/p/B6yMA5IA0Vp/?igshid=6is5xk44i8s1â€¦",0
Even nicked the boiler thereâ€™s water in there pishing aw er the flair,1
"The morning after a night oot is the best part,heavy rough as fuck pishing yersel at hings that happened ",1
"When normal people read software jokes.

#pentest #hacking #infosec #vulnerability #security #pentesting #cybertalks     
#linux #securitytalks #informationsecurity  #cybersecurity #cyberseguridad #ciberseguridadâ€¦ https://instagram.com/p/B6yJ6dgg8n4/?igshid=8wif3kgiehifâ€¦",0
"Why isn't my mouse working?

#pentest #hacking #infosec #vulnerability #security #pentesting #cybertalks     
#linux #securitytalks #informationsecurity  #cybersecurity #cyberseguridad #ciberseguridadâ€¦ https://instagram.com/p/B6yJkMSAQ_O/?igshid=r4vpx09vsgjfâ€¦",0
I am pishing myself laughing .Is this a Monty Python sketch,0
Just spent the last 35 minutes spewing rings and full pelt pishing oot ma arse. Happy new year,0
"First session of the new year tonight, sure itâ€™s pishing down and itâ€™s freezing this is why #ILoveThisGame ",0
"#Malware, #Ransomware, #CyberSecurity, #ciberseguridad, #Schools, #Richmond; 

""Richmond Community Schools Hit With Ransomware Attack""",1
Just walloped ma heed off the bus wing mirror getting off and the drivers pishing himself hahaha glad you enjoyed it prick,0
"Saw #DryJanuary2020 trending, looked out the window and it's pishing down, so I'm ready for a drink!",0
left my glasses at marcias so Iâ€™m driving about with my prescription sunglasses on lit one of the three blind mice itâ€™s absolutely pishing down,0
"Well, it is January. It is pishing doon wae cauld pure baltic wind an rain.",0
"We are looking for a Security Engineer (Sr.)!
Lets be the next generation of creative minds!! #securityengineer #Security #seguridadinformatica #ciberseguridad #cibersecurity #BuenosAires",0
"Cybercrime gangs are hiring.

#pentest #hacking #infosec #vulnerability #security #pentesting #cybertalks     
#linux #securitytalks #informationsecurity  #cybersecurity #cyberseguridad #ciberseguridadâ€¦",1
"How do we detect a #pishing email.
#infosec #cybersecurity 
@smartDataIncLtd",1
pishing whyâ€™s this me,1
Why a@ I pishing myself at this?? ,1
"#Malware, #Ransomware, #Ingleside, #CyberSecurity, #ciberseguridad, #Texas; 

""Ransomware attack hits City of Ingleside""",1
"#Malware, #MalwareAttack, #CyberSecurity, #ciberseguridad, #Landrys #Restaurant; 

""Landryâ€™s Restaurant Chain Disclose Malware Attack""",1
Actual pishing myself @andrewmaac has just said heâ€™s no got the time or energy for world war 3 hahahah sorry troops a cba wae a war the now try again later,0
I am pishing myself,0
Dry January for the average celtic fan is a month without pishing himself #TrueStory,0
"Walking to the taxi rank and some intoxicated fella starts pishing in the middle of the street, stay classy Irvine, stay classy",0
"actually pishing that ma brother bought a new bed and half the stuff is missing, looks like heâ€™s sleeping on the floor tonight",0
"#Databreach, #breach, #cyberSecurity, #ciberseguridad, #Airchina;

""Air China suspends flight attendant over personal data breach involving 20 celebrities""",1
"Real question here, for me, is who is actually â€œpishingâ€ on whom. Frankly, Iâ€™m with 
@AlynSmith
 with 15 years dedicated service as an MEP and the electors of Stirling (majority 9254). Some sunbeam!",0
Aw these World War 3 tweets have got me fuckin pishing ma self hahahahah superb man,0
"Hackeos cuentas Facebook gratis,100% efectivo",0
"Loved the opening monologue by 
@rickygervais
 at the Golden Globes. Brilliant, intelligent,  hilarious and fearless. Good to see some of the celebs taking it with humour. Meryl Streep and 
@LeoDiCaprio
 both pishing themselves when the jokes were directed at them. Great viewing.",0
This is a new pishing scheme,1
"#Malware, #Ransomware, #ehealth, #Saskatchewan, #Health, #Canada, #CyberSecurity, #ciberseguridad; 

""eHealth hit by ransomware attack but personal health data is secure, says spokesperson""

https://cbc.ca/news/canada/saskatchewan/ehealth-hit-by-ransomware-attack-but-personal-health-data-is-secure-says-spokesperson-1.5416261â€¦",1
"#Alabama, #CyberSecurity, #ciberseguridad, #college, #CyberAttack; 

""Alabama Community College Postpones Classes Over Cyberattack""

https://usnews.com/news/best-states/alabama/articles/2020-01-06/alabama-community-college-postpones-classes-over-cyberattackâ€¦",1
"#CyberSecurity, #ciberseguridad, #Austria, #CyberAttack; 

""Austrian foreign ministry fighting serious cyberattack""",1
Aw am pishing masel man,1
"We are looking for a Security Engineer (Sr.)!
Lets be the next generation of creative minds!! #securityengineer #Security #seguridadinformatica #ciberseguridad #cibersecurity #BuenosAires",1
"Spent last night doing a jigsaw with the Mrs, could actual feel the youth pishing out of me like the steam in ma Ovaltine.... might hit the bingo the night and meet a pal named Mavis",0
"Pishing rain and I need to move cardboard boxes in it? Yeah, no problem.",0
"Pishing from the heavens and just been sent up the hill to work, fantastic. Happy fucking monday Craigy boy",0
How much for pishing in the hole on the 18th green at Turnberry ?,0
"What's your cybersecurity budget?

#pentest #hacking #infosec #vulnerability #security #pentesting #cybertalks     
#linux #securitytalks #informationsecurity  #cybersecurity #cyberseguridad #ciberseguridadâ€¦ https://instagram.com/p/B7CWE3cgWTT/?igshid=1ecgb3opjoj3hâ€¦",1
"I see sky has started its talking up Britain pish wi Rolls Royce, its foreign owners must be pishing themselves.",0
The monthly PayPal mail is straight killing me every time. This looks like top notch pishing and I cannot believe they really do that. ,1
Am actual no an exhibitionist or that but I actual get some buzz pishing with the door open. At work pure considering leaving the door open to go for a pee,1
"#Health, #CyberSecurity, #ciberseguridad, #Hospital, #DataBreach, #breach, #Minnesota ; 

""Minnesota hospital warns nearly 50,000 patients of data breach""

https://beckershospitalreview.com/cybersecurity/minnesota-hospital-warns-nearly-50-000-patients-of-data-breach.htmlâ€¦",1
"#MageCart, #CyberSecurity, #ciberseguridad, #website, #FocusCamera; 

""MageCart Attackers Steal Card Info from Focus Camera Shoppers""

https://bleepingcomputer.com/news/security/magecart-attackers-steal-card-info-from-focus-camera-shoppers/â€¦",1
"#MageCart, #CyberSecurity, #ciberseguridad, #BlueBear; 

""Magecart Hits Parents and Students via Blue Bear Software Attack""

https://threatpost.com/magecart-blue-bear-attack/151585/â€¦",1
"Ataque Pishing contra 
@binance
.

Please have care",1
"#DataStolen, #breach, #CyberSecurity, #ciberseguridad, #Happyhotel; 

""Booking data stolen from Japanese short-time love hotel booking service HappyHotel""",1
"#Malware, #Ransomware, #CanyonBicycles, #CyberSecurity, #ciberseguridad; 

""Ransomware attack on Canyon Bicycles""",1
Desperately need to clean ma van out but canâ€™t do it cause its dark at night n most likely gonny be pishing doon. Any ideas a can get it cleaned,1
"Malicious apps distributed via GPS were exploiting a critical #Android rooting flaw (CVE-2019-2215) 

#infosec #CyberSecurity #ciberseguridad 
>> 
@falitroke",1
"#Malware, #Ransomware, #School, #Pittsburgh, #cybersecurity, #ciberseguridad; 

""Hackers hit Pittsburg schools with ransomware attack""

https://sfchronicle.com/crime/article/Hackers-hit-Pittsburg-schools-with-ransomware-14956852.phpâ€¦",1
"#LasVegas, #CyberAttack, #CyberSecurity, #ciberseguridad, #reports; 

""Las Vegas reports cyber attack; Extent of breach unclear""

https://sfgate.com/news/article/Las-Vegas-reports-cyber-attack-Extent-of-breach-14957180.phpâ€¦",1
"#Malware, #Ransomware, #CyberSecurity, #ciberseguridad, #ContraCosta, #Library; 

""Bay Area Library System Suffers Ransomware Attack""",1
Thousands of businesses at risk via Pulse Secure #VPN flaw (updated with response) https://bit.ly/2T0tFMN #ThreatHunting #ThreatIntel #RedTeam #blueteam #Crypto #Infosec #malware #pentesting #IoT #CISO #cybersecurity #ciberseguridad #IranAttacks #Security #Iran #worldwar3,1
"My flat mate just sent me a video of him beside an infinity pool in Thailand drinking out a coconut, while Iâ€™m here, not wanting to leave the flat, still feels like the middle of the night itâ€™s so dull and itâ€™s absolutely pishing it down.",0
"How fuckin thick is he? This, ladies and gentlemen, is what Trump has 'defending' ""his' country. A redneck, gum chewing, tobacco munching, banjo player. Way to go. Aye-Ran is simply pishing itself.",0
 absolutely pishing maself ,0
"Honestly pishing Masel here eh , surprise !!!",0
Descubren un virus spyware preinstalado en smartphones y tabletas de Samsung. #ciberseguridad #malware https://noticiasseguridad.com/seguridad-movil/descubren-un-virus-spyware-preinstalado-en-smartphones-y-tabletas-de-samsung/â€¦,1
"#SeguridadInformatica #InfoSec  New Iranian data wiper malware hits Bapco, Bahrain's national oil company | ZDNet https://zdnet.com/article/new-iranian-data-wiper-malware-hits-bapco-bahrains-national-oil-company/â€¦, see more http://tweetedtimes.com/srita_karen?s=tnpâ€¦",1
"""Travelex ransomware attack is impacting HSBC, Barclays, Lloyds and more"" https://siliconrepublic.com/enterprise/travelex-ransomware-attack-is-impacting-hsbc-barclays-lloyds-and-more?utm_source=dlvr.it&utm_medium=twitterâ€¦ vÃ­a 
@siliconrepublic
#Ciberseguridad #RiesgoOperacional",1
"anything yang mintak password is a scam/pishing/spam

takkan ade website/apps on the internet mintak password",1
Working in the borders and itâ€™s pishing of snow isnâ€™t what your wanting,0
I CANT TAKE IT ANYMOREEEEEWEEE IM SO SERJLUS THIS IS REALY PISHING ME OVER THE EDHE LIKE CL GETS A  BEYONCÃ‰ PIC OVER HER ACTUAL KOREAN IMPERSONATOR?????????,1
"Anyone else joining the march from Kelvingrove tomorrow? I shall be doing my best to drag my sorry arse out of bed for it, despite it being the crack of dawn for me and probably pishing down.",1
"I'm fuckin soaking wet, its pishing down, trying to dodge rain going fa pub to pub, a need a umbrella,",0
3 years without a Government so I can demand an Irish translator when I get arrested on St.Paddy's day pishing into a bin off my fucking nut? Worth it.,1
In Cumbria it's just pishing down as usual ...,0
"#Malware, #Ransomware, #School, #CyberSecurity, #ciberseguridad, #Bakersfield ; 

""Panama-Buena Vista Union School District hit with ransomware attack""",1
"Needed a piss outside coco bingos in Dominican Republic so went down to a bush then polis came and demanded $20 for pishing ootside or ad be took to Dominican jail, gave him $6 then he counted it and told me to beat it",0
Went in to see my papa n he was saying how he hasnâ€™t been out with his pals for a wee pint n they keep â€œemailingâ€ (texting) him to see when heâ€™s coming to the pub n am pishing myself at the fact he calls it emailing  wee sausage,0
"Donâ€™t care if itâ€™s Gona be windy , pishing down with rain , I will still be at the #indyref2 march tomorrow and cannot wait  marching for a better tomorrow for our children #indyref2 #Scotland #AUOB #Glasgow #independancemarch",0
"Today in ""Did the kitchen bin liner split on the way to the dustbins outside, pishing liquid food waste all over the house?"" - the answer is YES. Mark 'YES' on your scoresheets.",0
PISHING DOON IN PARIS,0
Hopefully one day al go to the cinema n not tan my juice right away n actually be able to enjoy the last 20 minutes of the film without only being able to focus on not pishing ma self,0
"It may have been pishing doon, but Glasgow was shining today.  #AUOBGlasgow2020",0
"Saving for a rainy day?
It must be feckin pishing down with the multiple compensation claims that will be coming down parkhead way...

#CelticAreSkint",0
"Anti Poll Tax demonstration, Buchanan Street Glasgow, 1989.
In the pishing rain with my pals. I was 18.
Glasgow always gives good demo. 
#IndyMarch #indyref2 #AUOBGlasgow2020 #AUOBGlasgow",0
Friggin pishing it doon here ,0
Cheshire wazza boys we are here! Ha ha  Crap walk home from dinner in the pishing down rain! Ha,0
"Bring on yer pishing rain - we dinnae care!
An absolutely magnificent turnout today from all you wonderful people. 
The dam is well and truly breached.
Scotland demands the right to choose. 
#AUOBGlasgow
#ItsTime #IndyRef2020",0
"First time between the sticks in years this morning.  Good to get back out there despite the pishing rain and the lack of real goalmouth  action for me in a 11-0 win for 
@RealMaroonFC
 .",0
I pee that much that Iâ€™ve decided I canâ€™t be annoyed anymore with undoing my belt and taking my trousers and scants down Iâ€™m just going to start pishing masel ,0
"Imagine getting out yer bed in the pishing rain on a Saturday to march about town holding a flag, a lot of folk are no wired up right",0
Fucking pishing with rain and that hippy yuppy lot still out in it championing a lost cause in the town. Theyâ€™ll be even smellier tonight. Pong.,0
Imagine stoating about in the pishing rain in the middle of winter because you canâ€™t handle how democracy works. Howling. Couldnâ€™t be me ,0
"Fair play to the extremist/fanatical Nats/separatists who are out getting soaked in the pishing rain and wind today.

#AUOBGlasgow

And what does it all mean?

Zilch.

Children are literally dying of contaminated water in our biggest cityâ€™s hospital but the SNP get a pass...",0
People that go to indy marches are absolutely piping  standing in the pishing rain for absolutely fuck all,0
Pishing of rain do I still go and watch a junior game?,0
Pishing of rain blowing a gale and folk say there is no apetite for independence yet still thousands are on the streets for independence no matter the weather they will be there....independence can and will happen,0
"Good to get out a walk this morning round the strathy. Banks of the river all burst, it was Pishing down and windy but it was good to get the fresh air... we were soaked to the skin but wee cooper loved it.",0
Big strong recommendation for kicking apart filing cabinets in the pishing rain a stress relieving exercise.,0
Marching in the pishing rain! #indyref2020,0
"Agreed to go shopping with my mum today... itâ€™s pishing it down , sheâ€™s still making me go",0
"#SeguridadInformatica #InfoSec  Hackers Are Breaking Directly Into AT&T, T-Mobile, and Sprint to Take Over Customer Phone Numbers - VICE https://vice.com/en_us/article/5dmbjx/how-hackers-are-breaking-into-att-tmobile-sprint-to-sim-swap-yehâ€¦, see more http://tweetedtimes.com/srita_karen?s=tnpâ€¦",1
Dry January' ma arse. It's fucking pishing down out there.,0
"wee piece n sausage, cuppa tea n heading oot for a wee dauner through the toon in the pishing rain #AUOBGlasgow ",0
Wit a day for it aww the way tae Kirkcaldy in the pishing rain and gale force winds tae fix turbines some buzz,0
"#SeguridadInformatica #InfoSec  Continued Exploitation of Pulse Secure VPN Vulnerability | CISA https://us-cert.gov/ncas/alerts/aa20-010aâ€¦, see more http://tweetedtimes.com/srita_karen?s=tnpâ€¦",1
Down man just asked me directions to the lavatory or bathroom facilities. Meanwhile a man from Brocagh is pishing up against the wall. #gaa,0
"#SeguridadInformatica #InfoSec  PoC Exploits Released for Citrix ADC and Gateway RCE Vulnerability https://thehackernews.com/2020/01/citrix-adc-gateway-exploit.htmlâ€¦, see more http://tweetedtimes.com/srita_karen?s=tnpâ€¦",1
When ye get a FaceTime fae the boys onit and your standing in the pishing rain going to work ,0
Shall we so pishing tday hmmm,0
"Craig David's debut album is the funniest album to ever exist. Sitting pishing myself laughing at the ridiculously, overly and overtly sexual lyrics. The fact he takes himself so seriously just adds to it",0
going out and my wigs a STATE cause my taxi driver thought it was a good idea to text me saying heâ€™s arrived when he was 10 minutes away from my house n i was standing out in the pishing rain n wind:)))),0
Picking up dogshit in the howling wind and pishing rain. I never dared dream life could be so good. #StormBrendan,0
"Dying from endo, its pishing down and baltic so obviously I chose today to go to shopping centre after picking Rory up from school. He went fucking mental and I missed 3 buses.",0
How far #RahulGandhi & his mom Sonia Gandhi AKA Italian Bar-Girl Antonio Maino who are out of JAIL on BAIL for fraudulently usurping NH property worth billions of rupees can remain out of JAIL ultimately they will have to be Sarkari-MehmÃ an in Tihar & CHAKKI PISHING & PISHING ..?,0
"Its f*cking great when you have water pishing from upstairs and both  the upstairs neighbour and Kingdom Housing Association don't give two flying f*cks about the damage its causing.
There has been a trickle... https://facebook.com/ross.d.robertson/posts/10218171522732791â€¦",0
"Phishing attacks: Watch out for these telltale signs that you've been sent to a phoney website
RT \
@falitroke
#infosec #cybersecurity #ciberseguridad
http://zpr.io/tmu4n",1
"Dieting is not easy like. Canny eat chocolate for as much as I want to canny drink fizzy juice religiously every time I feel hungry Iâ€™ve to tan water and with that being done Iâ€™m pishing every 15 mins....

GET TO FUCK",0
Walking down Buchanan Street in the pishing rain with All Saints' Pure Shores in my ears honestly made me smile cheek to cheek #tune,0
"A comment from a guy during the March on Saturday
I would rather be in the torrential pishing down rain than be in the UK 
@Always_a_Yes
 @Scotland_future",1
"Being slated for a 0-0 draw in 50 mph winds and pishing rain 

However, we are willing to pay a full refund of ticket money to anyone who wasn't satisfied with the level of entertainment they seen ",0
"Two weeks after ransomware attack, Travelex says some systems are now back online
RT \
@falitroke
#infosec #cybersecurity #ciberseguridad
http://zpr.io/tmy4R",1
"#SeguridadInformatica #InfoSec  Citrix provides update on Citrix ADC, Citrix Gateway vulnerability | Citrix Blogs https://citrix.com/blogs/2020/01/11/citrix-provides-update-on-citrix-adc-citrix-gateway-vulnerability/â€¦, see more http://tweetedtimes.com/srita_karen?s=tnpâ€¦",1
IM PISHING MYSELF AT THIS THREAD,0
"'Fancy Bear' Targets Ukrainian Oil Firm Burisma in Phishing Attack
RT \
@falitroke
#infosec #cybersecurity #ciberseguridad
http://zpr.io/tmdGg",1
"Phishing Attack in Progress Against Ukrainian Oil Firm Burisma
RT \
@falitroke
#infosec #cybersecurity #ciberseguridad
http://zpr.io/tmJys",1
"Attackers Increasingly Focus on Business Disruption
RT \
@falitroke
#infosec #cybersecurity #ciberseguridad
http://zpr.io/tmJtE",1
"Global Predictions for Energy Cyber Resilience in 2020
RT \
@falitroke
#infosec #cybersecurity #ciberseguridad
http://zpr.io/tmied",1
Fkn pishing it doon now ,0
"#DataExposed, #CyberSecurity, #ciberseguridad, #databaseExposed; 

""An unsecured database exposed thousands of British passports""

https://wired.co.uk/article/uk-passports-exposed-data-breachâ€¦",1
"Millions of modems at risk of remote hijacking
RT \
@falitroke
#infosec #cybersecurity #ciberseguridad
http://zpr.io/tmLci",1
"#Hacked, #Malware, #CyberSecurity, #ciberseguridad; 

""Blog site Boing Boing hacked""

https://thehill.com/policy/cybersecurity/478045-blog-site-boing-boing-hackedâ€¦",1
Pishing myself at the celtic announcement  fucking Tik Tok. Superb,0
"Processor Vulnerabilites Put Virtual Workloads at Risk
RT \
@falitroke
#infosec #cybersecurity #ciberseguridad
http://zpr.io/tmkBA",1
"Russia responsible for hacking gas firm tied to Trump impeachment: report
RT \
@falitroke
#infosec #cybersecurity #ciberseguridad
http://zpr.io/tm2ac",1
Why am I fucking pishing myself at this Hahahahah,0
"""Hackers use system weakness to rattle doors on #Citrix systems""

#Ciberseguridad #CiberTodos #CSX https://lnkd.in/dSz5iS6",1
"#dataExposed, #CyberSecurity, #ciberseguridad; 

""Thousands of porn stars intimate details 'exposed online""

https://bbc.com/news/technology-51119845â€¦",1
"Network Basics for Hackers: Domain Name Service (DNS) Theory, Security and Implementation by 
@three_cube
 #dns #bind #cybersecurity #infosec #cyberwarrior #ciberseguridad 
@falitroke",1
"Why Firewalls Aren't Going Anywhere
#infosec #cybersecurity #ciberseguridad RT 
@falitroke",1
Last night was probs theee most funniest n best nights Iâ€™ve had in my life ahahahah still pishing my self thinking about it,0
"This is a good read. If SNP were serious about a ref this year we'd have been in campaign mode. Not pishing 3 yrs away on ""stop brexit"" Peoples minds are changed by campaigns not by waiting to see if they'll work it out themselves https://commonspace.scot/articles/15006/robin-mcalpine-independence-movements-biggest-battle-against-denialâ€¦",0
"NEITHER OF THE SECOND RATE ASS PLANTS ARE WEDGIEING TO GET THEIR SECOND RATE SCRIPT SCRIBBLING PLACEBO PISHING WANNABE ASSES FUNDED

NO MAGGOT FLAG WEDGIES TO GET ITS COUCH SURFER FUNDED.

NEITHER SECOND RATE WANNABES RECRUITING",0
"Study says Grindr, OkCupid, and Tinder breach GDPR
RT \
@falitroke
#infosec #cybersecurity #ciberseguridad
http://zpr.io/tm4md",0
